Emoji,ASCII Code,Hex Color
ğŸŸ©,129001,#37c136
ğŸŸ¦,128998,#3b80f5
â¬›,11035,#3c3c3c
ğŸš¹,128697,#4797e6
ğŸŸ¢,128994,#49c849
ğŸ…°,127344,#4d4d4d
âœ…,9989,#4dcc52
ğŸ”µ,128309,#4f8ad8
ğŸ›‚,128706,#519be6
âš«,9899,#545453
ğŸ›ƒ,128707,#549de7
â,10062,#54cd59
ğŸ§,127975,#5688bd
ğŸ’¹,128185,#56cd5b
ğŸŒŒ,127756,#58697b
ğŸš¾,128702,#5ba1e7
â™¿,9855,#5ca1e7
ğŸ›…,128709,#5ca2e7
ğŸˆ³,127539,#5fa2e7
ğŸ›œ,128732,#6497eb
ğŸ½,127933,#64bdde
ğŸˆ¯,127535,#64d068
ğŸ’»,128187,#676767
ğŸŒ‘,127761,#687282
ğŸ•‹,128331,#696660
ğŸ›„,128708,#6aa9e8
ğŸŒƒ,127747,#6c8ca1
ğŸ“Ÿ,128223,#6e9d81
ğŸ©»,129659,#6ea5bd
ğŸ¥¬,129388,#6eac6d
ğŸ–²,128434,#6f798b
ğŸ›—,128727,#70a6e6
ğŸ§¿,129535,#7388d4
ğŸ’™,128153,#74a8f8
ğŸª¼,129724,#79c0fd
ğŸ“˜,128216,#7aa2c1
ğŸš›,128667,#7ca47f
ğŸª£,129699,#7ca5b2
ğŸŒš,127770,#7d818e
ğŸŒ,127758,#7e9bb7
ğŸ–¤,128420,#838383
ğŸŒ˜,127768,#83847b
ğŸ¥,127909,#838588
ğŸŒ‰,127753,#847d7d
ğŸŒ’,127762,#84867e
ğŸ›,128734,#848687
ğŸ–¥,128421,#858585
ğŸ”·,128311,#85b6e2
ğŸ”³,128307,#868685
ğŸ¥,129359,#86b2d6
ğŸ§³,129523,#87776c
ğŸ±,127921,#888888
ğŸ®,127918,#8a8985
â›´,9972,#8a8a8a
ğŸ¦š,129434,#8ab493
ğŸ¦‹,129419,#8ab8cd
ğŸ†,127878,#8b7391
ğŸ¦¥,129445,#8b7e68
ğŸ´,127988,#8b8b8b
ğŸ“º,128250,#8d8882
ğŸŒ€,127744,#8daef1
ğŸš™,128665,#8db7c9
ğŸ’š,128154,#8ddb86
ğŸŒ,127759,#8ea4b2
ğŸ¥¦,129382,#8ea97a
ğŸŒ,127757,#8fa6ae
â˜,9729,#909090
ğŸš,128654,#90aebf
ğŸ¿,127999,#918680
ğŸ’£,128163,#91918e
ğŸ—¾,128510,#91b8e0
ğŸ“¼,128252,#929292
ğŸŸ«,129003,#93694d
ğŸ‘,127889,#939799
ğŸš,128669,#939ba6
ğŸ“²,128242,#939da6
ğŸšˆ,128648,#94a0ad
ğŸ™,127961,#94b2ce
ğŸ³,128051,#94cfde
ğŸ¥·,129399,#959491
ğŸ—„,128452,#959a9b
ğŸ“«,128235,#95aec1
ğŸ,127966,#95c2bc
ğŸš‡,128647,#96908f
ğŸ©,127913,#969287
ğŸ”²,128306,#969695
ğŸš”,128660,#969ea2
ğŸ“­,128237,#96a1ab
ğŸ«‘,129745,#96ac7e
ğŸŒ³,127795,#96ad73
ğŸ§¤,129508,#96d7b9
â™»,9851,#979797
ğŸŒ ,127776,#97aa9d
ğŸª€,129664,#97ca80
ğŸ¥…,129349,#988282
ğŸ”£,128291,#98afc4
ğŸ“ª,128234,#98b4c6
ğŸ”¢,128290,#9ab1c5
ğŸ—º,128506,#9abfc6
ğŸ¦ ,129440,#9ac875
ğŸ“,127891,#9b9690
ğŸ“½,128253,#9b9d9d
ğŸš®,128686,#9bb1c5
ğŸ”¡,128289,#9bb2c5
ğŸ¥¶,129398,#9bc2ea
âŒš,8986,#9c9c9b
ğŸ—ƒ,128451,#9d9994
ğŸ›,127899,#9da1a4
â˜,9742,#9e9e9e
ğŸ¬,127980,#9ea2a9
ğŸ†™,127385,#9eb4c7
ğŸŸ¤,128996,#9f7b62
ğŸŠ,128010,#9fb29f
ğŸ” ,128288,#9fb4c7
ğŸ§Œ,129484,#a09e93
ğŸ¬,127916,#a0a0a0
ğŸ“¬,128236,#a0a8b2
ğŸ§µ,129525,#a0b4b9
ğŸ”½,128317,#a0b5c8
ğŸª¨,129704,#a1a19e
â—¾,9726,#a1a1a1
ğŸª¬,129708,#a1adc4
ğŸ”¼,128316,#a1b6c9
ğŸ¹,127929,#a2a2a2
ğŸšŸ,128671,#a2a69d
ğŸ”€,128256,#a2b6c9
â©,9193,#a2b7c9
ğŸ“—,128215,#a2bb7f
ğŸ©±,129649,#a2d0d2
ğŸ‘¾,128126,#a399ad
ğŸœ,128028,#a39c9b
ğŸ““,128211,#a3a3a3
ğŸ“¹,128249,#a3a5a7
ğŸ§Ÿ,129503,#a3a8a2
â«,9195,#a3b7ca
ğŸ›»,128763,#a3b8ba
ğŸ§®,129518,#a46048
ğŸ“¸,128248,#a49988
ğŸ’¾,128190,#a4a7aa
ğŸš‰,128649,#a4aaab
ğŸšŠ,128650,#a4afb0
ğŸ”,128257,#a4b8ca
ğŸ“¶,128246,#a4b8cb
ğŸ©µ,129653,#a4e0f4
â˜¯,9775,#a5a5a5
ğŸ–¨,128424,#a5a7a8
ğŸ›°,128752,#a5aab7
ğŸ”‚,128258,#a5b8ca
ğŸ”„,128260,#a5b9cb
ğŸ’¼,128188,#a69286
ğŸ¯,127983,#a6a3a6
ğŸ«’,129746,#a6a775
ğŸš,128653,#a6aba4
ğŸš»,128699,#a6bacb
ğŸ€,127808,#a6db83
ğŸŒ°,127792,#a7735f
ğŸ,128029,#a79d70
ğŸª™,129689,#a7aaac
ğŸ³,127859,#a8a59c
ğŸ”œ,128284,#a8a8a8
ğŸ“±,128241,#a8a9a8
ğŸª–,129686,#a8afa3
ğŸ˜ˆ,128520,#a96fb5
ğŸ§º,129530,#a99b8d
ğŸ’‚,128130,#a9a497
ğŸ‘¿,128127,#aa70b6
ğŸ‡,127879,#aa8469
ğŸ¤¿,129343,#aa9e90
ğŸ¦¨,129448,#aaa9a5
ğŸ”™,128281,#aaaaaa
ğŸ¢,127970,#aab3b7
ğŸ‘”,128084,#aac0d5
ğŸ’¦,128166,#aadef6
ğŸŒ„,127748,#ab9090
ğŸ¦ƒ,129411,#ab928d
ğŸ¦,129421,#abaaaa
ğŸ”Š,128266,#abb5b8
ğŸª²,129714,#abbb7d
ğŸ”‹,128267,#abc89c
ğŸ¥˜,129368,#ac906c
ğŸ¦¬,129452,#aca29d
ğŸ›º,128762,#acbb8d
ğŸ«,129744,#acbdd8
ğŸ“Š,128202,#acc1c3
ğŸ‘—,128087,#ace4df
ğŸª¢,129698,#ad8c9f
ğŸ»,128059,#ad947d
ğŸ¦‡,129415,#ada29b
ğŸŒ—,127767,#ada47e
ğŸ¥¾,129406,#ada59d
ğŸŒ“,127763,#ada781
â–¶,9654,#adadad
ğŸ”°,128304,#adc48e
ğŸŒ²,127794,#adc4af
ğŸ¸,128056,#adc694
ğŸ§¢,129506,#adc9f5
ğŸ˜,127832,#ae9767
ğŸ—,128023,#aea39c
ğŸ¦Ÿ,129439,#aea49a
ğŸƒ,128003,#aeaaaa
ğŸ”›,128283,#aeaeae
ğŸ¥—,129367,#aeb588
ğŸ”˜,128280,#afafaf
ğŸ«‚,129730,#afc3d3
ğŸ,127823,#afce86
ğŸ°,127984,#b0a7a2
ğŸ¦…,129413,#b0aca9
ğŸ‘£,128099,#b0b0b0
ğŸš†,128646,#b0bdca
ğŸ‘•,128085,#b0cce6
ğŸ”¹,128313,#b0ceea
ğŸ›–,128726,#b1a89c
ğŸ’½,128189,#b1ac98
ğŸ,127937,#b1b1b1
ğŸ¦,127910,#b1c2d1
ğŸ‘¥,128101,#b1c6d6
ğŸ±,127857,#b28c71
ğŸ§›,129499,#b29e83
ğŸ¦£,129443,#b2a193
ğŸšµ,128693,#b2ab9d
â¬…,11013,#b2b2b2
ğŸš“,128659,#b2b8b9
ğŸ©,127849,#b39784
ğŸšœ,128668,#b3af87
â¬‡,11015,#b3b3b3
ğŸ›,128733,#b3bfdb
ğŸ¤–,129302,#b3c6c7
ğŸ¿,128063,#b4997a
ğŸ¨,128040,#b4a9a6
ğŸ§,128039,#b4ada4
ğŸš ,128672,#b4b2b4
ğŸšŒ,128652,#b4b393
ğŸ”,128271,#b4b5ac
ğŸ—‘,128465,#b4b9bd
ğŸš,128656,#b4bdbc
ğŸ–¼,128444,#b4c071
ğŸ¾,127998,#b59782
ğŸ”Œ,128268,#b5b4b1
ğŸª¦,129702,#b5b5b3
ğŸ‘½,128125,#b5bebf
ğŸ‘–,128086,#b5bed7
ğŸª,127978,#b5c2bd
ğŸ›£,128739,#b5c3ab
ğŸ¤¢,129314,#b5c766
ğŸš¿,128703,#b5cdcf
ğŸ¥’,129362,#b5d09d
ğŸ§©,129513,#b5d4a9
ğŸ©²,129650,#b5d6b4
ğŸ¬,128044,#b5dde7
ğŸ›,128720,#b671c9
ğŸ¤,129294,#b6967f
ğŸªµ,129717,#b6a395
ğŸ¦«,129451,#b6a495
ğŸ­,127917,#b6a7a2
ğŸ¦¦,129446,#b6aca2
ğŸš´,128692,#b6b1a5
â¬†,11014,#b6b6b6
ğŸ›¤,128740,#b6b7a3
ğŸ“š,128218,#b6b7a7
ğŸª®,129710,#b6b7b7
ğŸ’º,128186,#b6bbc9
ğŸš,128670,#b6bda5
ğŸ§Š,129482,#b6d5e8
ğŸŒ¿,127807,#b6d69f
ğŸ¥Œ,129356,#b79798
ğŸš–,128662,#b7af95
â™¥,9829,#b7b7b7
ğŸ› ,128736,#b7b8ba
ğŸ’¤,128164,#b7cbea
ğŸ§¼,129532,#b7e6d2
ğŸ˜,127960,#b8a69f
â—¼,9724,#b8b8b8
ğŸ”‰,128265,#b8bdbf
ğŸšº,128698,#b977cc
ğŸ‘¹,128121,#b9796f
ğŸ´,127924,#b9a19e
ğŸ©¶,129654,#b9b9b9
ğŸ“‚,128194,#b9c0c6
ğŸ›¼,128764,#b9cfd0
ğŸ¦•,129429,#b9d1d8
ğŸ’ ,128160,#b9daed
â™ˆ,9800,#ba78cc
â™‰,9801,#ba79cc
ğŸ“µ,128245,#ba897f
ğŸš¥,128677,#bab7ae
ğŸª»,129723,#bab9ce
ğŸº,128058,#bababa
ğŸ”ˆ,128264,#babbbd
ğŸš,127898,#babcbd
ğŸŒ,127760,#badfec
â™“,9811,#bb7acd
â™‹,9803,#bb7ccd
ğŸ§±,129521,#bb8777
ğŸ,128030,#bba094
ğŸ§•,129493,#bbadaf
ğŸ“»,128251,#bbb097
ğŸ¦“,129427,#bbb9b7
ğŸ—¿,128511,#bbbbb6
â­,9197,#bbbbbb
ğŸ,127949,#bbbdbd
ğŸ“,128193,#bbc1c6
ğŸ—£,128483,#bbcad8
ğŸŒµ,127797,#bbd5a8
ğŸ’,128142,#bbe0fa
â™,9807,#bc7dcd
ğŸ”¯,128303,#bc7ecd
ğŸª—,129687,#bc9a9f
ğŸ¥,127973,#bcb2b1
ğŸŒ½,127805,#bcba6e
ğŸ“‡,128199,#bcbab5
ğŸ—³,128499,#bcd6da
ğŸ§ƒ,129475,#bcd8c4
ğŸŸ£,128995,#bd66f4
â™Š,9802,#bd7ece
â™Œ,9804,#bd7fce
â™,9806,#bd80ce
ğŸš³,128691,#bd887b
ğŸ¦§,129447,#bd8d76
ğŸ“†,128198,#bda7a7
ğŸ§¬,129516,#bdbadf
ğŸ›’,128722,#bdbbbc
â,9167,#bdbdbd
ğŸµ,127925,#bdbec0
ğŸª©,129705,#bdbfc1
ğŸš‹,128651,#bdc1ba
ğŸ‘¤,128100,#bdcedc
ğŸš˜,128664,#be9092
ğŸ“¦,128230,#bea389
ğŸ,127886,#beb0b5
ğŸµ,127861,#bebfb4
ğŸ˜,128024,#bebfbd
ğŸ¦,128038,#becacb
ğŸ¦–,129430,#becda3
ğŸŸ,128031,#becedd
ğŸŒ´,127796,#bed0a7
ğŸ¿,127935,#bed0c7
ğŸ©´,129652,#bed8d6
â™,9805,#bf83cf
ğŸ•,128334,#bf85cf
ğŸ¦¹,129465,#bf9f78
ğŸ¥™,129369,#bfb595
ğŸ‘,128065,#bfb5ae
â›°,9968,#bfbfbf
ğŸ™,127897,#bfc1c4
ğŸ¦,127974,#bfc2ad
ğŸª,129665,#bfc6e0
ğŸ’§,128167,#bfe6f8
ğŸš‚,128642,#c0a7a1
ğŸ•¹,128377,#c0abad
ğŸ¦ª,129450,#c0b8ad
ğŸ³,127923,#c0bbb9
ğŸš¦,128678,#c0bdb4
â¹,9209,#c0c0c0
ğŸ²,128050,#c0c781
ğŸ›‹,128715,#c0d2e5
â›,9934,#c187d1
ğŸ›¢,128738,#c19696
ğŸ•°,128368,#c1aea0
ğŸš§,128679,#c1b281
ğŸ§—,129495,#c1b4a4
ğŸ•µ,128373,#c1b69a
ğŸ€,128000,#c1bdb8
â¯,9199,#c1c1c1
ğŸ“¥,128229,#c1c8db
ğŸ“¤,128228,#c1c9dc
ğŸ›¶,128758,#c1cab6
ğŸš­,128685,#c28e81
ğŸ”‡,128263,#c2a5a6
ğŸŸ,127967,#c2ada3
ğŸ§™,129497,#c2bca2
ğŸ‘®,128110,#c2bea6
ğŸ,128014,#c2c0b4
âœ’,10002,#c2c2c2
ğŸ¡,127969,#c2c3a6
ğŸ¢,128034,#c2cfb7
ğŸ”«,128299,#c2edb6
ğŸš·,128695,#c38b7d
ğŸ¥­,129389,#c3b074
ğŸ§‰,129481,#c3b2aa
ğŸ¤,127972,#c3b6a4
ğŸ‚,127938,#c3bdbb
ğŸ›,127963,#c3beaf
ğŸ’´,128180,#c3c2b7
ğŸ¤,127908,#c3c4c4
ğŸ¥,129373,#c3c686
ğŸš±,128689,#c48d80
ğŸ«˜,129752,#c4a09e
ğŸ‰,127881,#c4a99c
ğŸª¹,129721,#c4b0a2
ğŸ¥€,129344,#c4b1a7
ğŸ§†,129478,#c4bbad
ğŸ™,127833,#c4c3bc
ğŸ¦,129423,#c4c3c1
â›ˆ,9928,#c4c4c4
â˜”,9748,#c4c6ef
ğŸ‰,128009,#c4d1aa
ğŸ„,127876,#c4d2bc
ğŸ“•,128213,#c57b79
ğŸ’Ÿ,128159,#c590d4
ğŸš¯,128687,#c59287
ğŸª¯,129711,#c594d0
ğŸšª,128682,#c5a796
ğŸ“…,128197,#c5abaa
ğŸ“œ,128220,#c5ac92
ğŸ’,128144,#c5b188
ğŸ,127902,#c5b7a0
ğŸ¥¥,129381,#c5b7a5
ğŸ¦”,129428,#c5b8ac
ğŸªº,129722,#c5beb3
ğŸ˜°,128560,#c5c1a7
â˜‚,9730,#c5c5c5
ğŸ¦ˆ,129416,#c5cdce
ğŸ’¶,128182,#c5d5c9
ğŸ‡,127815,#c68ba0
ğŸ‘,128094,#c6aba2
ğŸ†,127814,#c6b6c1
ğŸ˜¹,128569,#c6c096
ğŸª´,129716,#c6c5a3
ğŸ›¹,128761,#c6c6bb
â¡,10145,#c6c6c6
ğŸ¶,127926,#c6c8ca
ğŸš²,128690,#c6cbd1
ğŸšƒ,128643,#c6ccad
ğŸ“–,128214,#c6cfd6
ğŸ°,127920,#c7b2ab
ğŸ«,129742,#c7b3a7
ğŸ¦‰,129417,#c7bab0
ğŸš‘,128657,#c7bbbf
ğŸš•,128661,#c7c099
ğŸ«,129743,#c7c6c5
ğŸ²,127922,#c7c6c6
ğŸ•·,128375,#c7c6c7
âœ”,10004,#c7c7c7
ğŸ—œ,128476,#c7cccf
ğŸ¥£,129379,#c7d7eb
ğŸŸª,129002,#c85dff
ğŸ”®,128302,#c89fc7
ğŸ­,127981,#c8ad9f
ğŸŒ,128012,#c8b29c
ğŸª°,129712,#c8b29e
ğŸ™†,128582,#c8b890
ğŸ´,128052,#c8bfac
ğŸ›Œ,128716,#c8c0bf
ğŸ‹,127947,#c8c1ad
ğŸ¦,129437,#c8c4bd
â™¨,9832,#c8c8c8
ğŸ©º,129658,#c8c8c9
ğŸ”¦,128294,#c8caca
ğŸŒª,127786,#c8cad1
ğŸ£,127907,#c8d0d8
ğŸ‘’,128082,#c8d1a6
ğŸš’,128658,#c97c7c
ğŸ§¶,129526,#c9805a
ğŸ”,128286,#c99588
ğŸŒ†,127750,#c99873
ğŸ¦¡,129441,#c9c7c4
âš°,9904,#c9c9c9
ğŸ¦º,129466,#ca946d
ğŸ›,128718,#cab88b
ğŸš,127962,#cab9a5
ğŸ¦—,129431,#cac0b5
ğŸ‡,127943,#cac3be
ğŸ§,129502,#cac6d5
ğŸ¦†,129414,#cac8c3
ğŸ¦›,129435,#cacac9
â˜¹,9785,#cacaca
ğŸš…,128645,#caced1
ğŸ½,127997,#cbaf9a
ğŸ ,127968,#cbb8ab
ğŸ“£,128227,#cbbb8e
ğŸ•,127957,#cbbda7
ğŸª,129680,#cbc5ac
â˜•,9749,#cbc8c3
â™¦,9830,#cbcbcb
ğŸ§·,129527,#cbcfd3
ğŸ«›,129755,#cbd6c0
ğŸ ,128032,#cbddbe
ğŸ§ª,129514,#cbe4d0
ğŸ¥”,129364,#ccaf8c
ğŸ¡,127905,#ccb0b6
ğŸ•,128333,#ccb59a
ğŸš€,128640,#ccb5ae
ğŸ˜¨,128552,#ccbf9d
ğŸŒ‚,127746,#ccc2d9
ğŸª¶,129718,#ccc6be
ğŸ’³,128179,#ccc9b4
ğŸ„,128004,#ccc9c7
â˜€,9728,#cccccc
ğŸ¥½,129405,#cccece
ğŸ“¡,128225,#ccced0
ğŸ½,127869,#ccced1
â›„,9924,#cccfd0
ğŸš„,128644,#ccd1d4
ğŸŒŠ,127754,#ccdde6
ğŸˆ,127944,#cd9a81
ğŸ«•,129749,#cda9a4
ğŸ¤ ,129312,#cdb481
ğŸ””,128276,#cdbc8b
ğŸ’·,128183,#cdbfc1
ğŸªŸ,129695,#cdc1be
ğŸ‹,127883,#cdc8ab
ğŸ“ ,128224,#cdcac5
â•,10133,#cdcdcd
ğŸ¦œ,129436,#cdd0ab
ğŸ“¨,128232,#cdd3d9
ğŸ“‰,128201,#cdd9e7
ğŸ‘œ,128092,#ceb4a3
ğŸ™‰,128585,#ceb89b
ğŸ’,128018,#cebba3
ğŸ,127887,#cec0b3
ğŸª‡,129671,#cec2a6
ğŸ§œ,129500,#cec3ba
ğŸ¤®,129326,#cec973
ğŸ§­,129517,#cecbce
Â®,174,#cecece
ğŸŒ,127745,#ced6de
ğŸ¥®,129390,#cf8c5a
â›½,9981,#cf9497
ğŸ‘…,128069,#cf9ca5
ğŸ¥œ,129372,#cfb388
ğŸ¥¸,129400,#cfb476
ğŸ‘¬,128108,#cfba9f
ğŸ›Ÿ,128735,#cfbab1
ğŸ’©,128169,#cfbdb1
ğŸ¤¹,129337,#cfc7ac
ğŸ­,128045,#cfc9ce
ğŸ—,128478,#cfcece
ğŸ,127824,#cfd094
ğŸ“¢,128226,#cfd0d1
ğŸ‘“,128083,#cfd3d1
ğŸ›©,128745,#cfd3d7
ğŸ”•,128277,#d0a47e
ğŸ’ƒ,128131,#d0a995
ğŸµ,128053,#d0ba9f
ğŸ»,127931,#d0bdad
ğŸ˜±,128561,#d0c1a5
ğŸ‘»,128123,#d0cbce
ğŸš¡,128673,#d0cebe
ğŸ­,127853,#d0cec1
ğŸ¦½,129469,#d0d0d0
ğŸ,128013,#d0d7b8
ğŸ‹,128011,#d0dfe5
ğŸ’œ,128156,#d190f7
ğŸ™,128025,#d1919b
ğŸšš,128666,#d1a47c
ğŸª,127850,#d1b18b
ğŸ§¯,129519,#d1b8b7
ğŸ‚,128002,#d1beb1
ğŸ›,128719,#d1c8c7
ğŸ¥‘,129361,#d1cb9a
ğŸ›,128027,#d1d0b1
â˜¸,9784,#d1d1d1
ğŸ–Š,128394,#d1d2d4
ğŸ¢,127906,#d1d4ba
ğŸ›¸,128760,#d1d8d9
ğŸƒ,127811,#d1dfbf
ğŸ§š,129498,#d1e4c8
ğŸ§°,129520,#d28886
ğŸ¥ƒ,129347,#d2b89d
ğŸŒˆ,127752,#d2b8a6
ğŸ§¸,129528,#d2b996
ğŸº,127994,#d2baab
ğŸ’¸,128184,#d2cfbf
ğŸª…,129669,#d2d0c3
â¸,9208,#d2d2d2
ğŸ”©,128297,#d2d3d6
ğŸ”¬,128300,#d2d6d8
â›²,9970,#d2dedf
ğŸ‘º,128122,#d3958f
ğŸ¤¬,129324,#d3a178
ğŸ’,127826,#d3a9a0
ğŸ›·,128759,#d3a9a8
ğŸª”,129684,#d3afa4
ğŸª¤,129700,#d3ba9c
ğŸŒ¯,127791,#d3ccc3
ğŸª·,129719,#d3cec0
Â©,169,#d3d3d3
ğŸ²,127858,#d3d4cb
ğŸ–Œ,128396,#d3d4e0
ğŸ«ƒ,129731,#d3d6d1
ğŸ¦,129422,#d3e2cf
ğŸª­,129709,#d48991
ğŸ,127873,#d48b5d
ğŸš¢,128674,#d4bfbb
ğŸ˜‡,128519,#d4c187
ğŸ‘¯,128111,#d4c29a
ğŸŒ‹,127755,#d4c5b9
ğŸŒ”,127764,#d4c77b
ğŸš,128026,#d4cdcd
ğŸ¦¼,129468,#d4d0d0
ğŸ,128015,#d4d1ca
âœ‚,9986,#d4d4d4
ğŸ”¨,128296,#d4d4d5
ğŸ’¨,128168,#d4dfeb
ğŸ§¨,129512,#d5857e
ğŸ‘ ,128096,#d5a8a3
ğŸ“™,128217,#d5a968
ğŸ¦‚,129410,#d5bda1
ğŸ‘ª,128106,#d5be87
ğŸ“¿,128255,#d5c1c2
ğŸ•º,128378,#d5c3cc
ğŸ¯,128047,#d5c783
ğŸ ,127904,#d5ccc2
ğŸ,128016,#d5cdc4
ğŸ’µ,128181,#d5cfb5
ğŸ§»,129531,#d5d3cd
â˜˜,9752,#d5d5d5
ğŸ–‹,128395,#d5d6d7
ğŸ”—,128279,#d5d6d9
ğŸ›¥,128741,#d5dcdf
ğŸ›¬,128748,#d5dde7
ğŸ¾,127934,#d5e370
ğŸŒ¹,127801,#d68d89
ğŸ€,127936,#d6966f
ğŸ¦‘,129425,#d69a8f
ğŸ“,127827,#d69c91
ğŸš—,128663,#d6a09f
ğŸŒ…,127749,#d6aa86
ğŸ¨,127976,#d6b9a9
ğŸ˜,128526,#d6ba79
ğŸ§«,129515,#d6becb
ğŸ™ˆ,128584,#d6c0a8
ğŸ™Š,128586,#d6c1a8
ğŸ˜¿,128575,#d6c68f
ğŸ¤±,129329,#d6c8ab
ğŸ”,128272,#d6c99e
ğŸ‹,127819,#d6ca80
ğŸ§¦,129510,#d6cec4
ğŸ›³,128755,#d6cfd1
ğŸªª,129706,#d6d2ca
ğŸ¦­,129453,#d6d5d4
âš“,9875,#d6d6d8
ğŸ¥¿,129407,#d6dce4
ğŸ”,127828,#d7a976
ğŸ©,127977,#d7adbe
ğŸª‚,129666,#d7b7a4
ğŸ¥‰,129353,#d7b9aa
ğŸ¥ ,129376,#d7bf98
ğŸ‘«,128107,#d7bf9c
ğŸ˜¸,128568,#d7c087
ğŸ¨,127912,#d7c097
ğŸ•,128021,#d7c1ab
ğŸ€„,126980,#d7c2b5
ğŸ™‡,128583,#d7c7a1
ğŸŒ–,127766,#d7c876
ğŸ£,127971,#d7c8ba
ğŸ›µ,128757,#d7caab
â³,9203,#d7d0ca
ğŸ—,128477,#d7d6d6
â‰,8265,#d7d7d7
ğŸ«–,129750,#d7dadd
ğŸ”,127956,#d7dbd6
ğŸ…,127813,#d88a6c
ğŸ˜º,128570,#d8c189
ğŸŒ»,127803,#d8c272
ğŸª˜,129688,#d8cabb
ğŸ’ˆ,128136,#d8cadc
ğŸš,128655,#d8d6d9
â±,9201,#d8d8d8
ğŸ”,128269,#d8d9db
ğŸ’€,128128,#d8dadb
ğŸ›´,128756,#d8dadc
ğŸ–‡,128391,#d8dadd
ğŸ,127965,#d8dfc0
ğŸŒº,127802,#d97581
ğŸ¦€,129408,#d9927f
ğŸ¦Š,129418,#d9a16d
ğŸ¦,129409,#d9ab66
ğŸ¤¼,129340,#d9bf92
ğŸ˜¾,128574,#d9c184
ğŸ™€,128576,#d9c38c
ğŸŒ®,127790,#d9c58d
ğŸª‘,129681,#d9c5bb
ğŸ¦¤,129444,#d9c6b5
ğŸš¸,128696,#d9c87f
ğŸ¶,128054,#d9cab7
ğŸ’°,128176,#d9cbae
ğŸ‘‘,128081,#d9cc95
âš¾,9918,#d9ceca
ğŸ“€,128192,#d9d0b1
ğŸ¥¡,129377,#d9d5d6
ğŸš¬,128684,#d9d7d5
ğŸ‘,128017,#d9d8d2
ğŸš,127834,#d9d8d5
ğŸ“ƒ,128195,#d9d8d8
ğŸ’¿,128191,#d9d9d7
âœ,9999,#d9d9d9
ğŸ”§,128295,#d9d9db
ğŸ“‘,128209,#d9dadc
ğŸŒ±,127793,#d9ecc4
ğŸ¥Š,129354,#daa0a1
ğŸ ,127840,#daa9a6
ğŸ,127809,#daac94
ğŸ‘„,128068,#daaeb8
ğŸ‰,127945,#dab37d
ğŸ,127838,#dabd93
ğŸ¯,127919,#dabfbf
ğŸ—“,128467,#dacece
ğŸ«,127979,#dad1c1
âŒ›,8987,#dad3ce
ğŸ,127821,#dad4b7
ğŸ“‹,128203,#dad5ce
â›ª,9962,#dad5d7
ğŸ‘€,128064,#dad6d1
ğŸ”’,128274,#dad9c6
ğŸ‘Ÿ,128095,#dad9d8
âŒ¨,9000,#dadada
ğŸ¥,129357,#dadde0
ğŸ—»,128507,#dadde1
ğŸŒ‡,127751,#dba373
ğŸ®,127982,#dba38e
ğŸ–,127830,#dbb5a5
ğŸ‘²,128114,#dbc190
ğŸ¦„,129412,#dbc1e4
ğŸ˜¼,128572,#dbc385
ğŸ¡,128033,#dbc39a
ğŸº,127866,#dbc4a9
ğŸª³,129715,#dbc5c2
ğŸš,128641,#dbc6c7
ğŸ§„,129476,#dbc9bf
ğŸ˜­,128557,#dbca90
ğŸ“ˆ,128200,#dbd3d9
ğŸ¥ˆ,129352,#dbd7da
ğŸ”“,128275,#dbdac9
ğŸ‡²,127474,#dbdbdb
ğŸˆ,127816,#dbdcbb
ğŸš°,128688,#dbe0e3
ğŸ“§,128231,#dbe0e5
ğŸ›«,128747,#dbe2eb
ğŸ—½,128509,#dbe9e7
ğŸ¦,129438,#dc988a
ğŸ˜»,128571,#dcb581
â°,9200,#dcb7b8
ğŸª¸,129720,#dcc0b3
ğŸ†,127942,#dcc18c
ğŸ˜‚,128514,#dcca8a
ğŸ¦Œ,129420,#dcd0c4
ğŸ¤·,129335,#dcd1b5
ğŸ¤º,129338,#dcdad7
ğŸ«§,129767,#dcdbdd
â²,9202,#dcdcdc
ğŸŸ¥,128997,#dd5143
ğŸ”´,128308,#dd5d5c
ğŸ§…,129477,#ddb493
ğŸ’’,128146,#ddbccd
ğŸ‚,127810,#ddbd9d
ğŸ«,128043,#ddc8b8
ğŸ›¡,128737,#ddcac7
ğŸª†,129670,#ddcbb1
ğŸº,127930,#ddd5b6
ğŸ¾,127870,#ddddcf
â†”,8596,#dddddd
ğŸ•,128336,#dddedf
ğŸ´,127860,#dddfe2
ğŸ“,128206,#dde1e5
ğŸ“,128208,#dde3ea
ğŸ,127822,#de8981
ğŸ¥“,129363,#dea895
ğŸ¥¨,129384,#deb195
ğŸ¥,129360,#deb271
ğŸ½,128061,#deb5be
ğŸ¤¡,129313,#deb6a9
ğŸ‘­,128109,#dec299
âœ,9997,#dec593
ğŸ¼,127996,#dec7b2
ğŸ—,127831,#decabb
ğŸª“,129683,#decac5
ğŸ‘°,128112,#decb9c
ğŸ…,128005,#deccbc
ğŸ®,128046,#ded6cf
ğŸ°,128048,#ded8d8
ğŸ«,127915,#dedaa8
ğŸ¥‹,129355,#dedcdc
ğŸ¥,129358,#dede69
â€¼,8252,#dedede
ğŸ³,127987,#dedfdf
ğŸ•›,128347,#dedfe0
ğŸ—’,128466,#dee1e3
ğŸ¥³,129395,#dfba77
ğŸ¦¸,129464,#dfc09d
ğŸ˜½,128573,#dfc285
ğŸª,128042,#dfcdbc
ğŸ‘,128093,#dfcfbe
ğŸ¦®,129454,#dfd1b9
ğŸªœ,129692,#dfd3c7
ğŸ«“,129747,#dfd8cc
ğŸƒ,127183,#dfdbd6
ğŸ§‚,129474,#dfdfde
#,35,#dfdfdf
ğŸ“,128207,#dfe5ec
ğŸª¡,129697,#dfe9ef
ğŸŒ§,127783,#dfe9f1
ğŸ’,127890,#e09592
ğŸ¤°,129328,#e0c6be
ğŸ·,127863,#e0c8c8
ğŸ˜…,128517,#e0c988
ğŸ‘³,128115,#e0d0a9
ğŸ†,128006,#e0d2bf
ğŸ§,127847,#e0d4d5
ğŸ¨,127848,#e0d7c9
ğŸª,129693,#e0d8c7
â˜º,9786,#e0e0e0
ğŸŒ«,127787,#e0e0e4
ğŸ•Š,128330,#e0e1db
ğŸ¥„,129348,#e0e2e3
ğŸ’,128141,#e0e4e7
ğŸŒ¨,127784,#e0eaf2
ğŸª›,129691,#e0eddd
ğŸ’‹,128139,#e19595
ğŸ¥©,129385,#e1a49f
ğŸ’˜,128152,#e1a9d3
ğŸ«,127851,#e1afac
ğŸš©,128681,#e1b8b8
ğŸŒ·,127799,#e1beb8
ğŸ•Œ,128332,#e1c3aa
ğŸ§,129487,#e1ca92
ğŸ“’,128210,#e1d070
ğŸ™…,128581,#e1d0a8
ğŸˆ,128008,#e1d3c7
ğŸ¢,127842,#e1d4c7
ğŸ,128001,#e1dede
ğŸ•´,128372,#e1dfdc
ğŸ,127885,#e1e1cc
â†–,8598,#e1e1e1
ğŸ›,128705,#e1e4e6
ğŸ§§,129511,#e28480
ğŸƒ,127875,#e2b160
ğŸ¥«,129387,#e2beb8
ğŸœ,127964,#e2c29d
ğŸ¤“,129299,#e2c47b
ğŸ¥¹,129401,#e2c583
ğŸ«š,129754,#e2c7aa
ğŸ§¥,129509,#e2cba2
ğŸ“”,128212,#e2cca0
ğŸ¹,127865,#e2d5c2
ğŸ¥•,129365,#e2d6bc
ğŸª’,129682,#e2d6d1
ğŸ·,127927,#e2d7b6
ğŸ¹,127993,#e2ddda
ğŸ‘,127953,#e2ded4
â›³,9971,#e2dfc2
ğŸ¤³,129331,#e2dfd8
â˜ƒ,9731,#e2e2e2
ğŸŠ,127946,#e2e4dc
ğŸ¤©,129321,#e3c383
ğŸ¹,128057,#e3c3b8
ğŸ…,127877,#e3c899
ğŸ—¼,128508,#e3c9c7
ğŸ¤£,129315,#e3cb87
ğŸ˜“,128531,#e3cf8b
ğŸ§,129473,#e3d6ba
ğŸ¥,127845,#e3dbd7
ğŸ“,128221,#e3dccd
ğŸŒ,127948,#e3dfd4
ğŸª•,129685,#e3e0d8
ğŸ‡¦,127462,#e3e3e3
ğŸ©¸,129656,#e4a4a4
â›µ,9973,#e4c4b0
ğŸ˜´,128564,#e4c67c
ğŸ¥²,129394,#e4ce86
ğŸ™‹,128587,#e4cf9c
ğŸ‚,127874,#e4dad1
ğŸ¸,127992,#e4ddcd
ğŸ¦¢,129442,#e4e2d9
ğŸ‡¿,127487,#e4e4e4
ğŸ©¼,129660,#e4e5e5
ğŸ›€,128704,#e4e6df
ğŸ“®,128238,#e59393
ğŸ‘,127825,#e5a786
ğŸ§ ,129504,#e5b0c0
ğŸ§£,129507,#e5b2b1
ğŸŒ¶,127798,#e5b7b2
ğŸ¤¯,129327,#e5b970
ğŸŠ,127818,#e5bc90
ğŸ«¦,129766,#e5bcc5
ğŸ,127950,#e5c3c4
ğŸ·,128055,#e5c4bd
ğŸ,127951,#e5c8b0
ğŸ‘™,128089,#e5c8cc
ğŸ—‚,128450,#e5c9ae
ğŸ«”,129748,#e5cea6
ğŸ’,128129,#e5d2a2
ğŸª«,129707,#e5d3d3
ğŸ§,129501,#e5dcb5
ğŸ«„,129732,#e5dcca
ğŸŒ¾,127806,#e5e1b2
ğŸ§–,129494,#e5e2c6
ğŸ”­,128301,#e5e4e4
â˜£,9763,#e5e5e5
ğŸ—¯,128495,#e5e6e6
ğŸ—¡,128481,#e5e6e8
ğŸ•,127829,#e6b898
ğŸ‰,127817,#e6bcb5
ğŸ‘©,128105,#e6c16b
ğŸŠ,127882,#e6cac0
ğŸ¤‘,129297,#e6cc77
ğŸ¥ª,129386,#e6cea2
ğŸ˜ª,128554,#e6cf85
ğŸ»,127867,#e6d5bf
ğŸªƒ,129667,#e6d7d1
ğŸ›,127835,#e6dace
ğŸ¦˜,129432,#e6dbd0
ğŸ¥›,129371,#e6e5e3
ğŸ‡,128007,#e6e5e5
âšª,9898,#e6e6e6
ğŸª¥,129701,#e6f3f8
ğŸ§²,129522,#e78c8c
ğŸŸ,127839,#e7a27c
ğŸ€,127872,#e7a5bc
ğŸ‘˜,128088,#e7b972
ğŸ¥¯,129391,#e7c8a7
ğŸ¥º,129402,#e7cb87
ğŸ,127837,#e7d2bd
ğŸœ,127836,#e7d7c8
ğŸ™,128591,#e7d8b6
ğŸ¤½,129341,#e7dbc0
ğŸ“,128019,#e7dcd9
ğŸ§½,129533,#e7dd85
ğŸ¤¾,129342,#e7dfce
ğŸ¦·,129463,#e7e0d4
ğŸ‡¹,127481,#e7e7e7
ğŸ¦´,129460,#e7e8e8
ğŸ’—,128151,#e895c1
ğŸ©³,129651,#e8af5b
ğŸ«¨,129768,#e8c26e
ğŸ˜«,128555,#e8c677
ğŸ¤ª,129322,#e8c88f
ğŸ§“,129491,#e8c976
ğŸ§”,129492,#e8ca84
ğŸª,127914,#e8cac3
ğŸ¤•,129301,#e8cd92
ğŸ‘±,128113,#e8d08b
ğŸ’Œ,128140,#e8d0d0
ğŸ”±,128305,#e8d49f
ğŸ®,127854,#e8d4c0
ğŸ¤´,129332,#e8d59a
ğŸ¤µ,129333,#e8d5a6
ğŸ¥¢,129378,#e8dada
ğŸŒ,127884,#e8dddd
ğŸª„,129668,#e8e5de
â–ª,9642,#e8e8e8
ğŸ,127888,#e8ecf1
ğŸ¥µ,129397,#e9ac7d
ğŸ¦,129424,#e9ac95
ğŸ¥°,129392,#e9b46c
ğŸ’„,128132,#e9c0be
ğŸ“Œ,128204,#e9c1c2
ğŸ’Š,128138,#e9c497
ğŸ§’,129490,#e9c671
ğŸ˜©,128553,#e9c778
ğŸ‘µ,128117,#e9c878
ğŸ˜ƒ,128515,#e9c97e
ğŸ‘‹,128075,#e9ca84
ğŸ˜³,128563,#e9ca8d
ğŸ›•,128725,#e9cdc0
ğŸ‘¸,128120,#e9ce92
ğŸ˜¥,128549,#e9d084
ğŸ˜·,128567,#e9d19b
ğŸ’‡,128135,#e9d4a2
ğŸ¤¶,129334,#e9d8bd
â›¹,9977,#e9ddc4
ğŸ¼,127868,#e9e6d5
ğŸš¶,128694,#e9e6e3
ğŸ«—,129751,#e9e7e7
ğŸ¬,127852,#e9e8f0
â—»,9723,#e9e9e9
ğŸ¥¼,129404,#e9eaeb
ğŸ’‰,128137,#e9ecee
ğŸª½,129725,#e9eff1
ğŸ›‘,128721,#ea8169
ğŸ„,127812,#eaafa6
ğŸ–,128397,#eac1c1
ğŸ«µ,129781,#eac467
ğŸ˜µ,128565,#eac876
ğŸ˜†,128518,#eaca7f
ğŸ˜„,128516,#eacb7f
ğŸ”,128020,#eacfc1
ğŸŒ¼,127804,#ead078
ğŸ˜¢,128546,#ead083
ğŸ‘,128079,#ead299
ğŸ¦»,129467,#ead6a5
ğŸ…,127941,#eadac3
ğŸ§‹,129483,#eaddd0
ğŸ‘¡,128097,#eaded3
ğŸ§¹,129529,#eae5da
ğŸŒ¦,127782,#eae7db
7,55,#eaeaea
ğŸ§,127911,#eaebeb
ğŸ’”,128148,#eb8e89
ğŸš¨,128680,#eba099
ğŸŸ ,128992,#eba74d
ğŸª±,129713,#ebbbbf
ğŸµ,127989,#ebc070
ğŸ©°,129648,#ebcbbe
ğŸ˜€,128512,#ebcc80
ğŸ¤,129296,#ebcd81
ğŸ˜,128513,#ebce86
ğŸ±,128049,#ebd38a
ğŸ™Œ,128588,#ebd39d
ğŸ¥Ÿ,129375,#ebd5b6
ğŸ¦’,129426,#ebdac4
ğŸª ,129696,#ebddd9
ğŸ“©,128233,#ebdfdf
ğŸ¸,127864,#ebeae5
ğŸ¤,129293,#ebeaea
â†•,8597,#ebebeb
ğŸŸ,127903,#ec9ca5
ğŸ’¢,128162,#eca7a7
ğŸ«,129729,#ecb0ad
ğŸ˜œ,128540,#ecc986
ğŸ§‡,129479,#ecca94
ğŸŒ­,127789,#eccca8
ğŸ«£,129763,#eccd79
ğŸ¥±,129393,#eccd7e
ğŸ¸,127928,#eccfce
ğŸ™„,128580,#ecd190
ğŸ’…,128133,#ecd1c2
ğŸ„,127940,#ecd2ac
ğŸ¥¤,129380,#ecd3d3
ğŸ¥,129374,#ecd4ad
ğŸ«…,129733,#ecd59a
ğŸ‘·,128119,#ecdaa8
ğŸ»,127995,#ecdac8
ğŸ¥‚,129346,#ece6d4
ğŸ¡,127841,#ece7d9
ğŸª,129694,#ecece8
1,49,#ececec
ğŸŒ¬,127788,#eceef2
ğŸ†,127374,#ed7569
ğŸˆ´,127540,#ed796d
ğŸˆ¹,127545,#ed7e73
ğŸˆµ,127541,#ed8379
ğŸˆ²,127538,#ed847a
ğŸ’‘,128145,#edba8f
â›º,9978,#edbfab
ğŸ‘›,128091,#edc5d6
ğŸ‘¶,128118,#edcb74
ğŸ§‘,129489,#edce82
ğŸ¥–,129366,#edd8bc
ğŸ¥š,129370,#edebe7
âƒ£,8419,#ededed
ğŸ’­,128173,#ededee
ğŸ©·,129655,#ee85c5
ğŸ“,127955,#eea094
ğŸš«,128683,#eeb0a3
ğŸ§,129488,#eecf82
ğŸ¯,127855,#eecf8c
ğŸ˜¬,128556,#eed087
ğŸ’†,128134,#eed290
ğŸ‘¼,128124,#eed58f
ğŸ¤¦,129318,#eed695
ğŸ¤,128036,#eed995
ğŸ™,128590,#eedaab
ğŸ™,128589,#eedaac
ğŸ–,127958,#eedbbe
ğŸ°,127856,#eedcb9
ğŸ‘¢,128098,#eee2d4
ğŸš¤,128676,#eee8da
ğŸ¦¯,129455,#eeebec
ğŸª§,129703,#eeedeb
*,42,#eeeeee
ğŸ’¯,128175,#ef9794
ğŸ’,128157,#efaa99
ğŸ£,127843,#efb9ab
ğŸ¤,127844,#efbd9a
ğŸ¿,127871,#efc6bb
ğŸ˜,128541,#efc97d
ğŸ‘¦,128102,#efcc72
ğŸ‘§,128103,#efcd74
ğŸ˜²,128562,#efcd79
ğŸ¤¤,129316,#efcf7c
ğŸ‘¨,128104,#efcf7d
ğŸ˜¤,128548,#efd186
ğŸš£,128675,#efd1c6
ğŸ¤§,129319,#efd48b
ğŸ§˜,129496,#efddb3
ğŸ“¯,128239,#efdfcd
ğŸŒ¡,127777,#efe0e2
ğŸ”–,128278,#efe2de
ğŸªˆ,129672,#efe7e0
ğŸ§,129485,#efe9db
ğŸ¦™,129433,#efeade
ğŸª¿,129727,#efebe7
ã€°,12336,#efefef
â›”,9940,#f0ab9a
ğŸ“›,128219,#f0afa2
ğŸ¤­,129325,#f0c879
ğŸ¤’,129298,#f0cb80
ğŸ‘´,128116,#f0cc70
ğŸ¥´,129396,#f0cc7b
ğŸ¥»,129403,#f0ccb3
ğŸ¤¨,129320,#f0cd78
ğŸ¥§,129383,#f0cda3
ğŸ˜§,128551,#f0ce79
ğŸ¤¥,129317,#f0ce7b
ğŸ˜‰,128521,#f0cf7a
ğŸ˜–,128534,#f0d07b
ğŸ“,128205,#f0d4d3
ğŸ«¶,129782,#f0d9a6
ğŸ£,128035,#f0ddaa
ğŸ”‘,128273,#f0e0ad
ğŸƒ,127939,#f0e8d8
ğŸ•¯,128367,#f0e9e1
ğŸ’–,128150,#f191ba
ğŸ’,128158,#f1a0d0
ğŸ˜¡,128545,#f1a46c
ğŸ›,128717,#f1aab2
ğŸ¤—,129303,#f1c26e
ğŸ˜›,128539,#f1ca7d
ğŸ«¤,129764,#f1cd79
ğŸ˜Ÿ,128543,#f1cf7a
ğŸ˜’,128530,#f1d07a
ğŸ˜,128527,#f1d07b
ğŸ¦±,129457,#f1d592
ğŸ–,128022,#f1dfd5
ğŸŒ¤,127780,#f1e0bd
ğŸ—,127959,#f1e4d1
ğŸ¦,127846,#f1e9d8
ğŸŒ¥,127781,#f1eee9
â†™,8601,#f1f1f1
ğŸ˜,128525,#f2be7e
ğŸ’,128143,#f2bf8f
ğŸ˜˜,128536,#f2c878
ğŸ‘š,128090,#f2c9e4
ğŸ˜Š,128522,#f2cb77
ğŸ«¢,129762,#f2cb7b
ğŸ˜š,128538,#f2cc79
ğŸ˜‹,128523,#f2ce7e
ğŸ˜®,128558,#f2cf7a
ğŸ˜,128528,#f2d07a
ğŸ˜ ,128544,#f2d07b
ğŸ˜¦,128550,#f2d17b
ğŸ¦©,129449,#f2d4d5
ğŸ–,127894,#f2d7c2
ğŸ¥‡,129351,#f2ddb0
ğŸŒ,127773,#f2de8f
â›…,9925,#f2f0e6
âŒ,10060,#f38585
ğŸ’¥,128165,#f3c1b0
ğŸ¦°,129456,#f3cc91
ğŸ« ,129760,#f3cf74
âœŠ,9994,#f3cf7f
ğŸ˜™,128537,#f3d07b
ğŸ¤”,129300,#f3d17a
ğŸ˜‘,128529,#f3d17b
ğŸ˜,128542,#f3d27b
ğŸ«¡,129761,#f3d99f
ğŸ¦¶,129462,#f3dbac
ğŸ«¥,129765,#f3e5c7
ğŸ’,127954,#f3ebe9
â–«,9643,#f3f3f3
ğŸŒ©,127785,#f3f4f1
â­•,11093,#f48c8c
ğŸ’“,128147,#f49fd1
ğŸˆ,127880,#f4babd
ğŸ¤«,129323,#f4cc7a
ğŸ‘Š,128074,#f4d081
ğŸ™ƒ,128579,#f4d17a
ğŸ˜•,128533,#f4d27b
ğŸ«²,129778,#f4da96
ğŸ¤¸,129336,#f4edde
ğŸ’•,128149,#f5b0d8
ğŸŒ¸,127800,#f5b9d2
ğŸ¤²,129330,#f5d171
ğŸ˜¶,128566,#f5d37b
ğŸ¤›,129307,#f5dba0
ğŸ«±,129777,#f5dc99
ğŸ¥,128037,#f5dc9b
ğŸ¤,129309,#f5dc9c
âœŒ,9996,#f5dca4
ğŸ¤˜,129304,#f5dda7
ğŸ¤,129310,#f5dfac
ğŸ«³,129779,#f5e5bd
ğŸ§ˆ,129480,#f5ebd2
ğŸ§´,129524,#f5ece6
ğŸ‰,127568,#f67875
ğŸ§¡,129505,#f6b572
ğŸ”º,128314,#f6beb8
ğŸŒ,127774,#f6cd76
ğŸ¤œ,129308,#f6dba0
ğŸ«·,129783,#f6e4bb
ğŸ«´,129780,#f6e6bd
ğŸŒ,127820,#f6eac8
ğŸ§,129486,#f6f3eb
â“,10067,#f7d5d5
ğŸ¤Ÿ,129311,#f7dda1
ğŸ‘,128080,#f7deac
â˜,9757,#f7e0ad
ğŸ‘Œ,128076,#f7e0af
ğŸ«°,129776,#f7e2ab
ğŸŒ›,127771,#f7ebc1
ğŸŒœ,127772,#f7ecc2
ğŸ–±,128433,#f7f7f8
â—,10071,#f8d5d5
ğŸ§€,129472,#f8d686
ğŸ‘,128078,#f8d78a
ğŸ–,128400,#f8db98
ğŸ¤š,129306,#f8dca3
ğŸŒ•,127765,#f8e16b
ğŸ¦µ,129461,#f8ebcf
ğŸ¦³,129459,#f8eed7
ğŸ––,128406,#f9dc9c
ğŸ¤™,129305,#f9dd9b
âœ‹,9995,#f9de9d
ğŸ·,127991,#f9e2c5
â”,10068,#f9f9f9
ğŸ‰‘,127569,#fabc69
ğŸ“´,128244,#fabe5c
ğŸˆ¶,127542,#fabe5e
ğŸˆº,127546,#fac064
ğŸˆš,127514,#fac165
ğŸ”»,128315,#faccc7
ğŸŸ¨,129000,#fad036
ğŸ‘‚,128066,#fae4b0
ğŸ‘‡,128071,#fae4b6
ğŸ‘‰,128073,#fae5b4
ğŸ‘ˆ,128072,#fae5b5
ğŸ‘†,128070,#fae7bc
ğŸ—,127895,#faeab8
ğŸ’¡,128161,#faf5e5
ğŸ“³,128243,#fbba50
ğŸ†š,127386,#fbbd59
ğŸš¼,128700,#fbbf5e
ğŸ’›,128155,#fbda91
ğŸŸ¡,128993,#fbdb4d
ğŸ‘,128077,#fbe19d
ğŸ’ª,128170,#fbe3a8
ğŸ¤Œ,129292,#fbe4b1
ğŸ–•,128405,#fbe9c3
ğŸŒŸ,127775,#fbeab2
â­,11088,#fbedc3
ğŸ”¶,128310,#fccd84
ğŸ”†,128262,#fcdc9e
ğŸ‘ƒ,128067,#fce9b6
ğŸŒ™,127769,#fcf3d2
ğŸ”¥,128293,#fdc9a7
ğŸ”¸,128312,#fddeb0
ğŸ”…,128261,#fde7b6
ğŸ¦²,129458,#fdecb8
âš¡,9889,#fdefd2
ğŸ’«,128171,#fdf1cd
ğŸ’®,128174,#fecac9
âœ¨,10024,#feefd4
ğŸŸ§,128999,#ffa339
ï¸,65039,#ffffff